{
    "baseline_acc": [
        0.8461538461538461,
        0.8461538461538461,
        0.6109303258592252
    ],
    "baseline_f1": [
        0.888631090487239,
        0.8983050847457628,
        0.6058881965140431
    ],
    "test_results_acc": [
        0.7115384615384616,
        0.46794871794871795,
        0.6364284759060312
    ],
    "test_results_f1": [
        0.8051948051948052,
        0.49696969696969695,
        0.5917509260186204
    ],
    "fwd_acc": -0.01699876669787067,
    "bwt_acc": 0.21794871794871795,
    "fwt_f1": 0.009424846996948457,
    "bwt_f1": 0.2449580551275467
}