{"baseline_acc": [0.8397435897435898, 0.782051282051282, 0.6211830785004235], "baseline_f1": [0.8834498834498834, 0.860655737704918, 0.6129179192857793], "test_results_acc": [0.7516025641025641, 0.3782051282051282, 0.6283154281638658], "test_results_f1": [0.8317046688382194, 0.3310344827586207, 0.5592557352785706], "fwd_acc": -0.004754899775628153, "bwt_acc": 0.2478632478632479, "fwt_f1": 0.03577478933813912, "bwt_f1": 0.34071385359951606}