{"baseline_acc": [0.8573717948717948, 0.8141025641025641, 0.6300093612089332], "baseline_f1": [0.8946745562130177, 0.8853754940711462, 0.6106211296678551], "test_results_acc": [0.7435897435897436, 0.28846153846153844, 0.6376320599117372], "test_results_f1": [0.8257080610021786, 0.08264462809917356, 0.5979524209901578], "fwd_acc": -0.005081799135202644, "bwt_acc": 0.358974358974359, "fwt_f1": 0.008445805785131546, "bwt_f1": 0.5381008601787823}