{"baseline_acc": [0.8573717948717948, 0.7884615384615384, 0.6335309588552579], "baseline_f1": [0.8939213349225268, 0.8663967611336032, 0.5740193792424478], "test_results_acc": [0.7019230769230769, 0.358974358974359, 0.6304105558775019], "test_results_f1": [0.80625, 0.2647058823529412, 0.5958172865987422], "fwd_acc": 0.002080268651837303, "bwt_acc": 0.28632478632478636, "fwt_f1": -0.014531938237529594, "bwt_f1": 0.40184266477675407}