{
    "baseline_acc": [
        0.8205128205128205,
        0.7884615384615384,
        0.6313466767708287
    ],
    "baseline_f1": [
        0.8738738738738738,
        0.8583690987124464,
        0.5613197538722682
    ],
    "test_results_acc": [
        0.7259615384615384,
        0.34615384615384615,
        0.6452101814291445
    ],
    "test_results_f1": [
        0.8171122994652407,
        0.23880597014925373,
        0.6084132841328413
    ],
    "fwd_acc": -0.009242336438877249,
    "bwt_acc": 0.2905982905982906,
    "fwt_f1": -0.03139568684038212,
    "bwt_f1": 0.40891196192948304
}