{
    "baseline_acc": [
        0.844551282051282,
        0.7756410256410257,
        0.6314804083270182
    ],
    "baseline_f1": [
        0.8876013904982619,
        0.8559670781893004,
        0.5869185029730675
    ],
    "test_results_acc": [
        0.7003205128205128,
        0.3269230769230769,
        0.6293407034279855
    ],
    "test_results_f1": [
        0.8025343189017952,
        0.1984732824427481,
        0.5950026788758462
    ],
    "fwd_acc": 0.001426469932688468,
    "bwt_acc": 0.2905982905982906,
    "fwt_f1": -0.005389450601852512,
    "bwt_f1": 0.42848562286363295
}