{
    "baseline_acc": [
        0.8653846153846154,
        0.8269230769230769,
        0.6380778317657023
    ],
    "baseline_f1": [
        0.9009433962264151,
        0.889795918367347,
        0.6077209257380297
    ],
    "test_results_acc": [
        0.7644230769230769,
        0.391025641025641,
        0.6352248919003254
    ],
    "test_results_f1": [
        0.8357541899441341,
        0.3790849673202614,
        0.608
    ],
    "fwd_acc": 0.0019019599102512905,
    "bwt_acc": 0.2521367521367522,
    "fwt_f1": -0.0001860495079801794,
    "bwt_f1": 0.3147698014008175
}