{
    "baseline_acc": [
        0.8557692307692307,
        0.8012820512820513,
        0.6309009049168636
    ],
    "baseline_f1": [
        0.8923444976076556,
        0.8734693877551021,
        0.6031822102942586
    ],
    "test_results_acc": [
        0.6987179487179487,
        0.3141025641025641,
        0.6300093612089332
    ],
    "test_results_f1": [
        0.8053830227743272,
        0.144,
        0.6165927568366593
    ],
    "fwd_acc": 0.0005943624719535469,
    "bwt_acc": 0.311965811965812,
    "fwt_f1": -0.00894036436160047,
    "bwt_f1": 0.48000000000000004
}