{"baseline_acc": [0.844551282051282, 0.7692307692307693, 0.6313020995854322], "baseline_f1": [0.885478158205431, 0.8487394957983193, 0.5950947275664562], "test_results_acc": [0.7435897435897436, 0.33974358974358976, 0.6444969464628003], "test_results_f1": [0.8237885462555066, 0.22556390977443608, 0.5975677448655196], "fwd_acc": -0.008796564584912108, "bwt_acc": 0.311965811965812, "fwt_f1": -0.001648678199375568, "bwt_f1": 0.4277951515958037}