{
    "baseline_acc": [
        0.8621794871794872,
        0.8205128205128205,
        0.6381224089510988
    ],
    "baseline_f1": [
        0.8983451536643026,
        0.8852459016393442,
        0.6008064516129032
    ],
    "test_results_acc": [
        0.75,
        0.38461538461538464,
        0.6417331609682164
    ],
    "test_results_f1": [
        0.8227272727272728,
        0.35135135135135137,
        0.5762640375388833
    ],
    "fwd_acc": -0.0024071680114117204,
    "bwt_acc": 0.2435897435897436,
    "fwt_f1": 0.016361609382679946,
    "bwt_f1": 0.32716927453769556
}