{
    "baseline_acc":[
       0.8653846153846154,
       0.7948717948717948,
       0.6238131324388179
    ],
    "baseline_f1":[
       0.8997613365155132,
       0.8688524590163934,
       0.5299392859132178
    ],
    "test_results_acc":[
       0.6971153846153846,
       0.34615384615384615,
       0.6299202068381402
    ],
    "test_results_f1":[
       0.8008429926238145,
       0.2153846153846154,
       0.6124183006535948
    ],
    "fwd_acc":-0.004071382932881563,
    "bwt_acc":0.28632478632478636,
    "fwt_f1":-0.05498600982691801,
    "bwt_f1":0.42544791331402215
 }