{
    "baseline_acc": [
        0.8541666666666666,
        0.7948717948717948,
        0.6288949315740204
    ],
    "baseline_f1": [
        0.8912783751493429,
        0.865546218487395,
        0.6169772256728778
    ],
    "test_results_acc": [
        0.7435897435897436,
        0.28846153846153844,
        0.6361164356082557
    ],
    "test_results_f1": [
        0.8237885462555066,
        0.08264462809917356,
        0.5899020346646571
    ],
    "fwd_acc": -0.004814336022823515,
    "bwt_acc": 0.3290598290598291,
    "fwt_f1": 0.01805012733881384,
    "bwt_f1": 0.5201723984715187
}