{
    "baseline_acc": [
        0.8589743589743589,
        0.7371794871794872,
        0.6112423661570009
    ],
    "baseline_f1": [
        0.8964705882352941,
        0.8144796380090498,
        0.6023074467599981
    ],
    "test_results_acc": [
        0.7403846153846154,
        0.44871794871794873,
        0.5963535862345651
    ],
    "test_results_f1": [
        0.8269230769230769,
        0.47560975609756095,
        0.629394671141489
    ],
    "fwd_acc": 0.009925853281623839,
    "bwt_acc": 0.07692307692307691,
    "fwt_f1": -0.018058149587660537,
    "bwt_f1": 0.10586589736865112
}