{
    "baseline_acc": [
        0.8157051282051282,
        0.782051282051282,
        0.6217180047251817
    ],
    "baseline_f1": [
        0.869762174405436,
        0.8583333333333333,
        0.5948242933537051
    ],
    "test_results_acc": [
        0.7644230769230769,
        0.6987179487179487,
        0.6175277492979093
    ],
    "test_results_f1": [
        0.841081081081081,
        0.7873303167420814,
        0.6131998918041656
    ],
    "fwd_acc": 0.0027935036181815738,
    "bwt_acc": 0.021367521367521368,
    "fwt_f1": -0.012250398966973627,
    "bwt_f1": 0.03325265705566668
}