{
    "baseline_acc": [
        0.8605769230769231,
        0.7692307692307693,
        0.6232782062140596
    ],
    "baseline_f1": [
        0.8942891859052248,
        0.8604651162790697,
        0.5564478034955125
    ],
    "test_results_acc": [
        0.7756410256410257,
        0.3269230769230769,
        0.6368296705745999
    ],
    "test_results_f1": [
        0.8451327433628318,
        0.1984732824427481,
        0.5790751743735469
    ],
    "fwd_acc": -0.009034309573693557,
    "bwt_acc": 0.2692307692307692,
    "fwt_f1": -0.01508491391868964,
    "bwt_f1": 0.4306474413344643
}