{
    "baseline_acc": [
        0.8477564102564102,
        0.7884615384615384,
        0.6203806891632863
    ],
    "baseline_f1": [
        0.8886283704572099,
        0.8705882352941177,
        0.5908916218293621
    ],
    "test_results_acc": [
        0.7740384615384616,
        0.532051282051282,
        0.622787857174698
    ],
    "test_results_f1": [
        0.845225027442371,
        0.5780346820809249,
        0.6117992476373979
    ],
    "fwd_acc": -0.00160477867427448,
    "bwt_acc": 0.12820512820512822,
    "fwt_f1": -0.013938417205357233,
    "bwt_f1": 0.17313411131711928
}