{
    "baseline_acc": [
        0.8782051282051282,
        0.7692307692307693,
        0.622520394062319
    ],
    "baseline_f1": [
        0.9095238095238095,
        0.8548387096774194,
        0.5802518092594429
    ],
    "test_results_acc": [
        0.7003205128205128,
        0.44871794871794873,
        0.6228324343600945
    ],
    "test_results_f1": [
        0.8054110301768991,
        0.4625,
        0.6229668909585134
    ],
    "fwd_acc": -0.0002080268651836933,
    "bwt_acc": 0.20512820512820512,
    "fwt_f1": -0.028476721132713715,
    "bwt_f1": 0.2623737373737374
}