{"baseline_acc": [0.842948717948718, 0.7564102564102564, 0.6228324343600945], "baseline_f1": [0.8838862559241706, 0.8429752066115702, 0.5362056679274242], "test_results_acc": [0.7131410256410257, 0.3717948717948718, 0.6249275620737307], "test_results_f1": [0.812565445026178, 0.27941176470588236, 0.6228935102187164], "fwd_acc": -0.0013967518090907869, "bwt_acc": 0.2393162393162393, "fwt_f1": -0.05779189486086149, "bwt_f1": 0.3766884531590414}