{
    "baseline_acc": [
        0.8509615384615384,
        0.7692307692307693,
        0.6215842731689921
    ],
    "baseline_f1": [
        0.8899408284023669,
        0.859375,
        0.5892883061589821
    ],
    "test_results_acc": [
        0.8477564102564102,
        0.4230769230769231,
        0.6358935496812731
    ],
    "test_results_f1": [
        0.885954381752701,
        0.4155844155844156,
        0.5803965889242783
    ],
    "fwd_acc": -0.009539517674853986,
    "bwt_acc": 0.21367521367521372,
    "fwt_f1": 0.005927811489802556,
    "bwt_f1": 0.2893597630439736
}