{
    "baseline_acc": [
        0.8605769230769231,
        0.7435897435897436,
        0.625819105781661
    ],
    "baseline_f1": [
        0.8948004836759371,
        0.8484848484848485,
        0.5865024630541872
    ],
    "test_results_acc": [
        0.780448717948718,
        0.3782051282051282,
        0.632327374849552
    ],
    "test_results_f1": [
        0.8486187845303867,
        0.3310344827586207,
        0.5966748166259168
    ],
    "fwd_acc": -0.004338846045260692,
    "bwt_acc": 0.20940170940170943,
    "fwt_f1": -0.0067815690478197545,
    "bwt_f1": 0.32383960691410024
}